Company;Email;City;Country;Sector
ABB Schweiz AG;contact.center@ch.abb.com;Zürich;Switzerland;Automation
MABI Robotic AG;info@mabi-robotic.com;Veltheim;Switzerland;Robotics
Roth Technik AG;info@rothtechnik.ch;Zihlschlacht-Sitterdorf;Switzerland;Automation
GS Swiss PCB AG;info@gs-swiss.com;Küssnacht;Switzerland;Manufacturing
Dumont Switzerland;contact@dumont.swiss;Switzerland;Switzerland;Manufacturing
Meto-Fer Automation AG;info@meto-fer.ch;Grenchen;Switzerland;Automation
Help-Tec Automation AG;info@help-tec.ch;Switzerland;Switzerland;Automation
Agfar AG;info@agfar.ch;Orpund;Switzerland;Robotics
BACH INDUSTRY AG;info@bach-industry.com;Switzerland;Switzerland;Manufacturing
ROBO MAT AG;info@robomat.ch;Switzerland;Switzerland;Automation
Xantis Pharma AG;info@xantispharma.com;Zug;Switzerland;Pharma
AD Swiss MedTech SA;info@adswissmed.ch;Gravesano;Switzerland;Medtech
Acino International AG;info@acino.swiss;Zürich;Switzerland;Pharma
Basilea Pharmaceutica Ltd;info@basilea.com;Basel;Switzerland;Pharma
Geistlich Pharma AG;info@geistlich-pharma.com;Wolhusen;Switzerland;Pharma
Vifor Pharma AG;info@viforpharma.ch;Zürich;Switzerland;Pharma
Sandoz AG;info@sandoz.com;Basel;Switzerland;Pharma
Roche Pharma Schweiz AG;ch.diagnostics@roche.com;Basel;Switzerland;Pharma
Novartis Pharma Schweiz AG;investor.relations@novartis.com;Basel;Switzerland;Pharma
Lonza;investor.relations@lonza.com;Basel;Switzerland;Pharma
Syngenta;media.relations@syngenta.com;Basel;Switzerland;Pharma
Idorsia Pharmaceuticals Ltd;info@idorsia.com;Allschwil;Switzerland;Pharma
Siegfried;info@siegfried.ch;Zofingen;Switzerland;Pharma
Stadler Rail;compliance@stadlerrail.com;Bussnang;Switzerland;Manufacturing
Bucher Industries AG;media@bucherindustries.com;Niederweningen;Switzerland;Industrial
SwissFactory.Group;info@swissfactory.group;Bern;Switzerland;Manufacturing
Burckhardt Compression AG;info@burckhardtcompression.com;Winterthur;Switzerland;Manufacturing
Schwab-Feller AG;info@schwab-feller.ch;Büren a.A.;Switzerland;Manufacturing
Gübelin;info@gubelin.com;Lucerne;Switzerland;Manufacturing
OVERTECH GmbH;info@overtechsuisse.ch;Hergiswil;Switzerland;Automation
Wenger Automation;info@wenger-ag.ch;Winterthur;Switzerland;Automation
Robotronic AG;info@robotronic.ch;Switzerland;Switzerland;Robotics
Pharmabotix;info@pharmabotix.ch;Switzerland;Switzerland;Automation
Kinematica;info@kinematica.ch;Lucerne;Switzerland;Manufacturing
Cerbios-Pharma SA;info@cerbios.swiss;Lugano;Switzerland;Pharma
Ewopharma AG;info@ewopharma.com;Schaffhausen;Switzerland;Pharma
EffRx Pharmaceuticals SA;info@effrx.com;Zürich;Switzerland;Pharma
Santhera Pharmaceuticals AG;info@santhera.com;Liestal;Switzerland;Pharma
Stragen Pharma SA;info@stragen.ch;Geneva;Switzerland;Pharma
Alpex Pharma;info@alpex.com;Lugano;Switzerland;Pharma
APR Applied Pharma Research;info@apr.ch;Balerna;Switzerland;Pharma
Labatec Pharma;info@labatecpharma.com;Geneva;Switzerland;Pharma
Saniswiss SA;info@saniswiss.com;Geneva;Switzerland;Pharma
Swiss Alp Health;info@swiss-alp-health.ch;Lausanne;Switzerland;Pharma
Versantis AG;info@versantis.ch;Zürich;Switzerland;Pharma
Adienne Pharma & Biotech;info@adienne.com;Lugano;Switzerland;Pharma
Alpen Pharma AG;info@alpenpharma.com;Bern;Switzerland;Pharma
AstraZeneca AG;info.ch@astrazeneca.com;Baar;Switzerland;Pharma
DCS Pharma AG;info@dcspharma.com;Switzerland;Switzerland;Pharma
Nerum Pharmaceuticals AG;info@nerumpharma.com;Basel;Switzerland;Pharma
MetrioPharm AG;info@metriopharm.com;Zürich;Switzerland;Pharma
Metys Pharmaceuticals AG;info@metys-pharma.ch;Basel;Switzerland;Pharma
MicroContact;office@microcontact.ch;Lostorf;Switzerland;Automation
Stähli Lapping Technology;LTP@stahli.com;Pieterlen;Switzerland;Manufacturing
Biltec AG;info@biltec.ch;St. Gallen;Switzerland;Manufacturing
Eichenberger Automation;info@eichenberger-automation.com;Switzerland;Switzerland;Automation
Georg Fischer Ltd;info@georgfischer.com;Schaffhausen;Switzerland;Industrial
Oerlikon;info@oerlikon.com;Pfäffikon;Switzerland;Industrial
Rieter;info@rieter.com;Winterthur;Switzerland;Manufacturing
Schindler;info@schindler.com;Ebikon;Switzerland;Industrial
Norhage Industri;info@norhageindustri.com;Norway;Norway;Manufacturing
Framo AS;marine@framo.no;Bergen;Norway;Manufacturing
Kongsberg Electronics AS;post@kongsberg-electronics.no;Norway;Norway;Industrial
JM Robotics;salg@jmrobotics.no;Kristiansund;Norway;Robotics
Step Solutions AS;post@stepsolutions.no;Oslo;Norway;Automation
Pharma Nordic AS;post@pharmanordic.no;Ålesund;Norway;Pharma
Palla Pharma Norway;post@pallapharma.no;Kragerø;Norway;Pharma
ACD Pharmaceuticals AS;post@acdpharma.com;Oslo;Norway;Pharma
AH diagnostics AS;ahdiagnostics@ahdiagnostics.no;Oslo;Norway;Pharma
Aqua Pharma;post@aqua-pharma.com;Lillehammer;Norway;Pharma
Asamedic AS;company@asamedic.com;Kolbotn;Norway;Pharma
Curida AS;post@curida.no;Elverum;Norway;Pharma
Elanco Norway;info.norway@elanco.com;Bergen;Norway;Pharma
InsuLife AS;info@insulife.no;Oslo;Norway;Pharma
LEO Pharma Norway AS;info.no@leo-pharma.no;Lysaker;Norway;Pharma
Medhouse;Info.norge@medhouse.com;Oslo;Norway;Pharma
MIM PHARMA;mim@mimpharma.com;Oslo;Norway;Pharma
Navamedic;infono@navamedic.com;Oslo;Norway;Pharma
Norimun;post@norimun.com;Oslo;Norway;Pharma
Oticon AS;info@oticon.no;Oslo;Norway;Pharma
PanPharma Nordic AS;info@panpharma.no;Ski;Norway;Pharma
Pharmatech AS;info@pharmatech.no;Rolvsøy;Norway;Pharma
PHARMAQ AS;customer.service@pharmaq.no;Overhalla;Norway;Pharma
Photocure ASA;info@photocure.no;Oslo;Norway;Pharma
Sana Pharma Medical AS;post@sanapharma.no;Lysaker;Norway;Pharma
Sanofi Norway;medinfo-norge@sanofi.com;Lysaker;Norway;Pharma
Serodus;post@serodus.com;Oslo;Norway;Pharma
Targovax ASA;contact@targovax.com;Lysaker;Norway;Pharma
Teva Norway AS;post@tevapharm.no;Sandvika;Norway;Pharma
Viatris Norway;infonorge@viatris.com;Asker;Norway;Pharma
CODAN Norge AS;codan@codan.no;Gjerdrum;Norway;Pharma
Chiesi Nordic;infonordic@chiesi.com;Oslo;Norway;Pharma
Norconsult;post@norconsult.com;Sandvika;Norway;Engineering
EOH Engineering;eoh@eoh.no;Oslo;Norway;Engineering
ARX Group AS Oslo;oslo@arx.ing;Oslo;Norway;Engineering
ARX Group AS Bergen;bergen@arx.ing;Bergen;Norway;Engineering
Kongsberg Maritime;km.sales@km.kongsberg.com;Kongsberg;Norway;Industrial
Yara International;info@yara.com;Oslo;Norway;Industrial
Norsk Hydro;post@hydro.com;Oslo;Norway;Industrial
Elkem;info@elkem.com;Oslo;Norway;Industrial
Nordic Semiconductor;info@nordicsemi.com;Trondheim;Norway;Engineering
Norner;kjetil.larsen@norner.no;Porsgrunn;Norway;Industrial
Sateba Norway;post@sateba.no;Ringerike;Norway;Manufacturing
Tandberg Engineering;jorn@tane.no;Norway;Norway;Automation
Scanmatic AS;post@scanmatic.no;Norway;Norway;Automation
Intek Robotics;info@intek.no;Raufoss;Norway;Robotics
Hansen Engineering AS;info@hansenengineering.no;Norway;Norway;Automation
Skala Robotech AS;info@skalarobotech.no;Lier;Norway;Robotics
Jotun;info@jotun.no;Sandefjord;Norway;Manufacturing
Kongsberg Automotive;info@kongsbergautomotive.com;Kongsberg;Norway;Manufacturing
Nexans Norway;info@nexans.com;Oslo;Norway;Manufacturing
Mowi;info@mowi.com;Bergen;Norway;Manufacturing
Leroy Seafood Group;info@leroy.no;Bergen;Norway;Manufacturing
AbbVie AS;info@abbvie.no;Fornebu;Norway;Pharma
AstraZeneca AS;info@astrazeneca.no;Oslo;Norway;Pharma
Bayer AS;info@bayer.no;Oslo;Norway;Pharma
Biogen Norway AS;info@biogen.no;Oslo;Norway;Pharma
Bristol Myers Squibb Norway;info@bms.com;Lysaker;Norway;Pharma
Gilead Sciences Norway;nordics.medinfo@gilead.com;Oslo;Norway;Pharma
GlaxoSmithKline Norway;info@gsk.no;Oslo;Norway;Pharma
Janssen-Cilag AS;info@janssen.com;Oslo;Norway;Pharma
Karo Pharma AS;info@karopharma.no;Oslo;Norway;Pharma
Lundbeck Norway;info@lundbeck.no;Lysaker;Norway;Pharma
Novartis Norway;info@novartis.no;Oslo;Norway;Pharma
Novo Nordisk Norway;info@novonordisk.no;Oslo;Norway;Pharma
Pfizer AS;info@pfizer.no;Oslo;Norway;Pharma
Roche Norge AS;info@roche.no;Oslo;Norway;Pharma
Takeda AS;infonorge@takeda.com;Asker;Norway;Pharma
GE Healthcare AS;info@gehealthcare.com;Oslo;Norway;Pharma
Fresenius Kabi Norge;info@fresenius-kabi.com;Oslo;Norway;Pharma
Amgen Norway;info@amgen.no;Oslo;Norway;Pharma
Boehringer Ingelheim Norway;info@boehringer-ingelheim.no;Asker;Norway;Pharma
Astellas Pharma Norway;info@astellas.no;Asker;Norway;Pharma
AlgiPharma AS;info@algipharma.com;Sandvika;Norway;Pharma
Arctic Bioscience AS;info@arctic-bioscience.com;Ørsta;Norway;Pharma
Mericon AS;post@mericon.no;Skien;Norway;Pharma
Mölnlycke Health Care AS;info@molnlycke.no;Oslo;Norway;Pharma
MSD Norway;info@msd.no;Drammen;Norway;Pharma
Nordic Nanovector ASA;info@nordicnanovector.com;Oslo;Norway;Pharma
Nykode Therapeutics ASA;info@nykode.com;Oslo;Norway;Pharma
Ultimovacs ASA;mail@ultimovacs.com;Oslo;Norway;Pharma
Vistin Pharma AS;vistin@vistin.com;Oslo;Norway;Pharma
Xellia Pharmaceuticals;info@xellia.com;Oslo;Norway;Pharma
PCI Biotech Holding ASA;info@pcibiotech.no;Oslo;Norway;Pharma
Grünenthal Norway;info@grunenthal.com;Oslo;Norway;Pharma
LINK Medical Research;Norway@linkmedical.eu;Oslo;Norway;Pharma
Teknolab;mail@teknolab.no;Ski;Norway;Industrial
ABB;info@abb.com;Zürich;Switzerland;Automation
Actelion;info@actelion.com;Allschwil;Switzerland;Pharma
Alcon;info@alcon.com;Hünenberg;Switzerland;Pharma
Allseas;info@allseas.com;Châtel-Saint-Denis;Switzerland;Industrial
Alpiq;info@alpiq.com;Baden;Switzerland;Industrial
ALSO Holding;info@also.com;Emmen;Switzerland;Engineering
Amcor;info@amcor.com;Zürich;Switzerland;Manufacturing
Ascom;info@ascom.com;Baar;Switzerland;Engineering
Audemars Piguet;info@audemarspiguet.com;Le Brassus;Switzerland;Manufacturing
AutoForm;info@autoform.com;Freienbach;Switzerland;Engineering
Axpo Holding;info@axpo.com;Baden;Switzerland;Industrial
Bally;info@bally.com;Caslano;Switzerland;Manufacturing
Bâloise;info@baloise.ch;Caslano;Switzerland;Industrial
Barry Callebaut;info@barry-callebaut.com;Zürich;Switzerland;Manufacturing
Bühler;info@buhlergroup.com;Uzwil;Switzerland;Industrial
Burckhardt Compression;info@burckhardtcompression.com;Winterthur;Switzerland;Manufacturing
Chopard;info@chopard.com;Geneva;Switzerland;Manufacturing
Clariant;info@clariant.com;Muttenz;Switzerland;Pharma
Coop;info@coop.ch;Basel;Switzerland;Manufacturing
Doppelmayr Garaventa Group;info@doppelmayr.com;Risch-Rotkreuz;Switzerland;Industrial
Dormakaba;info@dormakaba.com;Rümlang;Switzerland;Manufacturing
Emmi AG;info@emmi.com;Lucerne;Switzerland;Manufacturing
Firmenich;info@firmenich.com;Geneva;Switzerland;Pharma
Franke;info@franke.com;Aarburg;Switzerland;Manufacturing
Geberit;info@geberit.com;Rapperswil-Jona;Switzerland;Manufacturing
Georg Fischer;info@georgfischer.com;Schaffhausen;Switzerland;Industrial
Givaudan;info@givaudan.com;Vernier;Switzerland;Pharma
Glencore;info@glencore.com;Baar;Switzerland;Industrial
Gategroup;info@gategroup.com;Zürich;Switzerland;Manufacturing
Gunvor;info@gunvorgroup.com;Geneva;Switzerland;Industrial
Implenia;info@implenia.com;Dietlikon;Switzerland;Engineering
Intamin;info@intamin.com;Wollerau;Switzerland;Manufacturing
IQAir;info@iqair.com;Goldach;Switzerland;Industrial
Jet Aviation;info@jetaviation.com;Basel;Switzerland;Industrial
Julius Baer Group;info@juliusbaer.com;Zürich;Switzerland;Industrial
Kudelski Group;info@nagra.com;Cheseaux-sur-Lausanne;Switzerland;Engineering
Kuehne + Nagel;info@kuehne-nagel.com;Feusisberg;Switzerland;Industrial
Kuoni Travel;info@kuoni.com;Zürich;Switzerland;Industrial
LafargeHolcim;info@lafargeholcim.com;Rapperswil-Jona;Switzerland;Manufacturing
Leica Geosystems;info@leica-geosystems.com;Au-Heerbrugg;Switzerland;Engineering
Liebherr;info@liebherr.com;Bulle;Switzerland;Industrial
Lindt & Sprüngli;info@lindt.com;Kilchberg;Switzerland;Manufacturing
Logitech;info@logitech.com;Lausanne;Switzerland;Engineering
Lonza Group;info@lonza.com;Basel;Switzerland;Pharma
Mediterranean Shipping Company;info@msc.com;Geneva;Switzerland;Industrial
Mercuria Energy Group;info@mercuria.com;Geneva;Switzerland;Industrial
Mettler Toledo;info@mt.com;Greifensee;Switzerland;Manufacturing
Migros;info@migros.ch;Zürich;Switzerland;Manufacturing
Mövenpick Hotels & Resorts;info@movenpick.com;Zürich;Switzerland;Industrial
MSC Cruises;info@msccruises.com;Geneva;Switzerland;Industrial
Nestlé;info@nestle.com;Vevey;Switzerland;Manufacturing
Nobel Biocare;info@nobelbiocare.com;Zürich;Switzerland;Pharma
Novartis;info@novartis.com;Basel;Switzerland;Pharma
OC Oerlikon;info@oerlikon.com;Pfäffikon;Switzerland;Industrial
Panalpina;info@panalpina.com;Basel;Switzerland;Industrial
Patek Philippe;info@patek.com;Plan-les-Ouates;Switzerland;Manufacturing
Pilatus Aircraft;info@pilatus-aircraft.com;Stans;Switzerland;Manufacturing
PLATIT;info@platit.com;Selzach;Switzerland;Manufacturing
Rehau Group;info@rehau.com;Muri;Switzerland;Manufacturing
Richemont;info@richemont.com;Bellevue;Switzerland;Manufacturing
Roche;info@roche.com;Basel;Switzerland;Pharma
Rolex;info@rolex.com;Geneva;Switzerland;Manufacturing
Sandoz;info@sandoz.com;Basel;Switzerland;Pharma
Schindler Group;info@schindler.com;Lucerne;Switzerland;Industrial
SGS;info@sgs.com;Geneva;Switzerland;Industrial
SIG Combibloc Group;info@sig.biz;Neuhausen;Switzerland;Manufacturing
Sika;info@sika.com;Baar;Switzerland;Manufacturing
SITA;info@sita.aero;Geneva;Switzerland;Engineering
Sonova;info@sonova.com;Stäfa;Switzerland;Pharma
Stäubli;info@staubli.com;Pfäffikon;Switzerland;Robotics
STMicroelectronics;info@st.com;Geneva;Switzerland;Engineering
Sulzer;info@sulzer.com;Winterthur;Switzerland;Industrial
Sunrise Communications;info@sunrise.ch;Zürich;Switzerland;Engineering
Sunstar Group;info@sunstar.com;Zürich;Switzerland;Pharma
Swatch;info@swatch.com;Biel/Bienne;Switzerland;Manufacturing
Swiss International Air Lines;info@swiss.com;Basel;Switzerland;Industrial
Swiss Life;info@swisslife.ch;Zürich;Switzerland;Industrial
Swiss Post;info@swisspost.ch;Bern;Switzerland;Industrial
Swiss Re;info@swissre.com;Zürich;Switzerland;Industrial
Swisscom;info@swisscom.ch;Ittigen;Switzerland;Engineering
Swissport;info@swissport.com;Opfikon;Switzerland;Industrial
TAG Heuer;info@tagheuer.com;La Chaux-de-Fonds;Switzerland;Manufacturing
TE Connectivity;info@te.com;Schaffhausen;Switzerland;Engineering
Tecan;info@tecan.com;Männedorf;Switzerland;Pharma
Tetra Pak;info@tetrapak.com;Pully;Switzerland;Manufacturing
The Adecco Group;info@adecco.com;Opfikon;Switzerland;Industrial
The Swatch Group;info@swatchgroup.com;Biel/Bienne;Switzerland;Manufacturing
Trafigura;info@trafigura.com;Geneva;Switzerland;Industrial
Transocean;info@transocean.com;Vernier;Switzerland;Industrial
u-blox;info@u-blox.com;Thalwil;Switzerland;Engineering
UBS;info@ubs.com;Zürich;Switzerland;Industrial
Uster Technologies;info@uster.com;Uster;Switzerland;Engineering
Vacheron Constantin;info@vacheronconstantin.com;Geneva;Switzerland;Manufacturing
Victorinox;info@victorinox.com;Ibach;Switzerland;Manufacturing
Vitol;info@vitol.com;Geneva;Switzerland;Industrial
Von Roll;info@vonroll.com;Breitenbach;Switzerland;Industrial
Weatherford International;info@weatherford.com;Baar;Switzerland;Industrial
Weleda;info@weleda.com;Arlesheim;Switzerland;Pharma
Wenger;info@wenger.ch;Delémont;Switzerland;Manufacturing
Zurich Insurance Group;info@zurich.com;Zürich;Switzerland;Industrial
Bolliger & Mabillard;info@bolligerandmabillard.com;Monthey;Switzerland;Manufacturing
Oscilloquartz;info@oscilloquartz.com;Saint-Blaise;Switzerland;Engineering
Breitling;info@breitling.com;Grenchen;Switzerland;Manufacturing
Omega;info@omegawatches.com;Biel/Bienne;Switzerland;Manufacturing
Tissot;info@tissot.com;Le Locle;Switzerland;Manufacturing
Longines;info@longines.com;Saint-Imier;Switzerland;Manufacturing
Blancpain;info@blancpain.com;Paudex;Switzerland;Manufacturing
Jaeger-LeCoultre;info@jaeger-lecoultre.com;Le Sentier;Switzerland;Manufacturing
Piaget;info@piaget.com;Geneva;Switzerland;Manufacturing
Roger Dubuis;info@rogerdubuis.com;Geneva;Switzerland;Manufacturing
Hublot;info@hublot.com;Nyon;Switzerland;Manufacturing
Maurice Lacroix;info@mauricelacroix.com;Zürich;Switzerland;Manufacturing
Frédérique Constant;info@frederiqueconstant.com;Geneva;Switzerland;Manufacturing
Girard-Perregaux;info@girard-perregaux.com;La Chaux-de-Fonds;Switzerland;Manufacturing
Ulysse Nardin;info@ulysse-nardin.com;Le Locle;Switzerland;Manufacturing
Hamilton;info@hamiltonwatch.com;Biel/Bienne;Switzerland;Manufacturing
Mido;info@mido.com;Le Locle;Switzerland;Manufacturing
Certina;info@certina.com;Le Locle;Switzerland;Manufacturing
Glycine;info@glycine-watch.ch;Biel/Bienne;Switzerland;Manufacturing
Caran d'Ache;info@carandache.com;Geneva;Switzerland;Manufacturing
Elinchrom;info@elinchrom.com;Renens;Switzerland;Manufacturing
Bamix;info@bamix.com;Inwil;Switzerland;Manufacturing
Trisa;info@trisa.ch;Triengen;Switzerland;Manufacturing
Feldschlösschen;info@feldschloesschen.ch;Rheinfelden;Switzerland;Manufacturing
Rivella;info@rivella.ch;Rothrist;Switzerland;Manufacturing
Création Baumann;info@créationbaumann.com;Langenthal;Switzerland;Manufacturing
Sersa Group;info@sersa.ch;Neuchâtel;Switzerland;Industrial
Sigg;info@sigg.ch;Frauenfeld;Switzerland;Manufacturing
Securitas;info@securitas.ch;Zollikofen;Switzerland;Industrial
BLS AG;info@blsag.com;Bern;Switzerland;Industrial
Südostbahn;info@südostbahn.com;St. Gallen;Switzerland;Industrial
Cargo Sous Terrain;info@cargosousterrain.com;Basel;Switzerland;Industrial
Dartfish;info@dartfish.com;Fribourg;Switzerland;Engineering
Crypto AG;info@crypto.ch;Steinhausen;Switzerland;Engineering
Vidby;info@vidby.com;Risch-Rotkreuz;Switzerland;Engineering
Alpa;;Zürich;Switzerland;Manufacturing
Antiquorum;info@antiquorum.com;Geneva;Switzerland;Industrial
Atlanship;info@atlanship.com;La Tour-de-Peilz;Switzerland;Industrial
Bianchet;info@bianchet.com;Neuchâtel;Switzerland;Manufacturing
Bolex;info@bolex.com;Yverdon-les-Bains;Switzerland;Manufacturing
Bron Elektronik;info@bronelektronik.com;Allschwil;Switzerland;Manufacturing
Century Time Gems;info@centurytimegems.com;Nidau;Switzerland;Manufacturing
Charriol;info@charriol.com;Geneva;Switzerland;Manufacturing
Circus Knie;info@circusknie.com;Rapperswil;Switzerland;Industrial
Comlux;info@comlux.com;Zürich;Switzerland;Industrial
CGN;;Lausanne;Switzerland;Industrial
Denner;info@denner.ch;Zürich;Switzerland;Manufacturing
Edipresse;info@edipresse.com;Lausanne;Switzerland;Engineering
Endura;info@endura.com;Biel/Bienne;Switzerland;Manufacturing
Era Watch Company;info@erawatchcompany.com;Les Genevez;Switzerland;Manufacturing
Ex Libris;info@exlibris.ch;Dietikon;Switzerland;Industrial
Expert;info@expert.ch;Zug;Switzerland;Industrial
Flug- und Fahrzeugwerke Altenrhein;info@flugundfahrzeugwerkealten.com;Thal;Switzerland;Manufacturing
Glass's Guide;info@glasssguide.com;Freienbach;Switzerland;Industrial
Globus;info@globus.ch;Spreitenbach;Switzerland;Industrial
Greubel Forsey;info@greubelforsey.com;La Chaux-de-Fonds;Switzerland;Manufacturing
Habib Bank AG Zurich;info@habibbankagzurich.com;Zürich;Switzerland;Industrial
Heliswiss;info@heliswiss.ch;Belp;Switzerland;Industrial
Helvetic Airways;info@helvetic.com;Kloten;Switzerland;Industrial
HSBC Private Bank;info@hsbcprivatebank.com;Geneva;Switzerland;Industrial
Jowissa;info@jowissa.ch;Bettlach;Switzerland;Manufacturing
Kempinski;info@kempinski.com;Geneva;Switzerland;Industrial
Lions Air;info@lionsair.ch;Zürich;Switzerland;Industrial
Limmattaler Zeitung;info@limmattalerzeitung.com;Dietikon;Switzerland;Industrial
Maggi;info@maggi.com;Cham;Switzerland;Manufacturing
MB&F;info@mbandf.com;Geneva;Switzerland;Manufacturing
Mondaine;info@mondaine.com;Pfäffikon SZ;Switzerland;Manufacturing
Obersee Nachrichten;info@oberseenachrichten.ch;Rapperswil;Switzerland;Industrial
Radio Zürisee;info@radiozuerisee.ch;Rapperswil;Switzerland;Industrial
Rotpunktverlag;info@rotpunktverlag.ch;Zürich;Switzerland;Industrial
SAPAL;info@sapal.com;Lausanne;Switzerland;Manufacturing
Selecta;info@selecta.com;Kirchberg;Switzerland;Industrial
Serono;info@merckgroup.com;Geneva;Switzerland;Pharma
Sihltal Zürich Uetliberg Bahn;info@sihltalzürichuetlibergbah.com;Zürich;Switzerland;Industrial
SkyWork Airlines;info@flyskywork.com;Belp;Switzerland;Industrial
Swiss Bank Corporation;info@swissbankcorporation.com;Basel;Switzerland;Industrial
Swiss Federal Railways;info@swissfederalrailways.com;Bern;Switzerland;Industrial
SwissGear;info@swissgear.com;Delémont;Switzerland;Manufacturing
Tamedia;info@tamedia.ch;Zürich;Switzerland;Industrial
Walter Verlag;info@walter-verlag.ch;Olten;Switzerland;Industrial
Waltham Watch Company;info@walthamwatchcompany.com;Marin-Epagnier;Switzerland;Manufacturing
Zephyr Surgical Implants;info@zephyrsurgical.com;Geneva;Switzerland;Pharma
Zimex Aviation;info@zimex.ch;Opfikon;Switzerland;Industrial
Zürcher Oberländer;info@zürcheroberländer.com;Wetzikon;Switzerland;Industrial
Zürichsee-Schifffahrtsgesellschaft;info@zürichseeschifffahrtsgese.com;Zürich;Switzerland;Industrial
Zürichsee-Zeitung;info@zürichseezeitung.com;Stäfa;Switzerland;Industrial
Banque SYZ;info@banquesyz.com;Geneva;Switzerland;Industrial
Baumann & Cie;info@baumannandcie.com;Basel;Switzerland;Industrial
BB Biotech;info@bbbiotech.com;Basel;Switzerland;Pharma
BDWM Transport;info@bdwmtransport.com;Bremgarten;Switzerland;Industrial
BX Swiss;info@bxswiss.com;Bern;Switzerland;Industrial
Chemins de fer du Jura;info@cheminsdeferdujura.com;Tavannes;Switzerland;Industrial
Club Airways International;info@clubairwaysinternational.com;Meyrin;Switzerland;Industrial
Compagnie Générale de Navigation;info@compagniegénéraledenaviga.com;Lausanne;Switzerland;Industrial
Luftseilbahn Adliswil-Felsenegg;info@luftseilbahnadliswilfelse.com;Adliswil;Switzerland;Industrial
A. Favre & Fils;info@afavreandfils.com;Carouge;Switzerland;Manufacturing
Alternative Bank Switzerland;info@alternativebankswitzerlan.com;Olten;Switzerland;Industrial
Belair;info@belair.com;Opfikon;Switzerland;Industrial
Breguet;info@breguet.com;Vallée de Joux;Switzerland;Manufacturing
Ciba Specialty Chemicals;info@cibaspecialtychemicals.com;Basel;Switzerland;Pharma
claro fair trade;info@clarofairtrade.com;Orpund;Switzerland;Manufacturing
Darwin Airline;info@darwinairline.com;Lugano;Switzerland;Industrial
easyJet Switzerland;info@easyjetswitzerland.com;Meyrin;Switzerland;Industrial
EF Education First;info@ef.com;Lund;Switzerland;Engineering
Interhandel;info@interhandel.com;Basel;Switzerland;Industrial
Lombard Odier & Cie;info@lombardodier.com;Geneva;Switzerland;Industrial
Métro Lausanne–Ouchy;info@métrolausanneouchy.com;Lausanne;Switzerland;Industrial
Nord Stream;info@nord-stream.com;Zug;Switzerland;Industrial
PrivatAir;info@privatair.com;Meyrin;Switzerland;Industrial
RosUkrEnergo;info@rosukrenergo.com;Zug;Switzerland;Industrial
Saurer;info@saurer.com;Arbon;Switzerland;Manufacturing
ST-Ericsson;info@stericsson.com;Geneva;Switzerland;Engineering
Swiss Global Air Lines;info@swissglobalairlines.com;Kloten;Switzerland;Industrial
Swiss National Bank;info@swissnationalbank.com;Bern;Switzerland;Industrial
Swiss Private Aviation;info@swissprivateaviation.com;Kloten;Switzerland;Industrial
Swissair;info@swissair.com;Kloten;Switzerland;Industrial
Xstrata;info@xstrata.com;Zug;Switzerland;Industrial
Zenith;info@zenith.com;Le Locle;Switzerland;Manufacturing
Bobst;info@bobst.com;Prilly;Switzerland;Manufacturing
Conzzeta;info@conzzeta.com;Zürich;Switzerland;Manufacturing
Dätwyler;info@dätwyler.com;Altdorf;Switzerland;Manufacturing
Ems-Chemie;info@emschemie.com;Domat/Ems;Switzerland;Pharma
Gurit;info@gurit.com;Zug;Switzerland;Manufacturing
Hero;;Lenzburg;Switzerland;Manufacturing
Kaba;;Rümlang;Switzerland;Manufacturing
Kistler;info@kistler.com;Winterthur;Switzerland;Manufacturing
Klingelnberg;info@klingelnberg.com;Zürich;Switzerland;Manufacturing
Komax;info@komax.com;Dierikon;Switzerland;Manufacturing
Landis+Gyr;info@landisgyr.com;Zug;Switzerland;Engineering
Medartis;info@medartis.com;Basel;Switzerland;Pharma
Medmix;info@medmix.com;Zug;Switzerland;Pharma
Mikron;info@mikron.com;Boudry;Switzerland;Manufacturing
Orell Füssli;info@orellfüssli.com;Zürich;Switzerland;Industrial
Polyphor;info@polyphor.com;Allschwil;Switzerland;Pharma
Rheinmetall Air Defence;info@rheinmetallairdefence.com;Zürich;Switzerland;Manufacturing
SFS Group;info@sfsgroup.com;Heerbrugg;Switzerland;Manufacturing
SIG Sauer;info@sigsauer.com;Neuhausen;Switzerland;Manufacturing
Swatch Group;info@swatchgroup.com;Biel/Bienne;Switzerland;Manufacturing
Temenos;info@temenos.com;Geneva;Switzerland;Engineering
V-Zug;;Zug;Switzerland;Manufacturing
Zühlke;info@zühlke.com;Zürich;Switzerland;Engineering
Autoneum;info@autoneum.com;Winterthur;Switzerland;Manufacturing
Bachem;info@bachem.com;Bubendorf;Switzerland;Pharma
Bachem Holding;info@bachemholding.com;Bubendorf;Switzerland;Pharma
Belimo;info@belimo.com;Hinwil;Switzerland;Manufacturing
Bystronic;info@bystronic.com;Niederönz;Switzerland;Manufacturing
Cembra Money Bank;info@cembramoneybank.com;Zürich;Switzerland;Industrial
CPH Chemie + Papier;info@cphchemiepapier.com;Perlen;Switzerland;Manufacturing
Datwyler;info@datwyler.com;Altdorf;Switzerland;Manufacturing
DKSH;;Zürich;Switzerland;Manufacturing
Ems-Chemie Holding;info@emschemieholding.com;Domat/Ems;Switzerland;Pharma
Flughafen Zürich;info@flughafenzürich.com;Zürich;Switzerland;Industrial
Galenica;info@galenica.com;Bern;Switzerland;Pharma
Garmin;info@garmin.com;Schaffhausen;Switzerland;Engineering
Gurit Holding;info@guritholding.com;Zug;Switzerland;Manufacturing
Helvetia;info@helvetia.com;St. Gallen;Switzerland;Industrial
Idorsia;info@idorsia.com;Allschwil;Switzerland;Pharma
Inficon;info@inficon.com;Bad Ragaz;Switzerland;Engineering
Jungfraubahn;info@jungfraubahn.com;Interlaken;Switzerland;Industrial
Medacta;info@medacta.com;Castel San Pietro;Switzerland;Pharma
Metall Zug;info@metallzug.com;Zug;Switzerland;Manufacturing
Mikron Holding;info@mikronholding.com;Boudry;Switzerland;Manufacturing
Mövenpick;info@movenpick.com;Zürich;Switzerland;Industrial
Orascom;info@ascom.com;Zürich;Switzerland;Industrial
Partners Group;info@partnersgroup.com;Zug;Switzerland;Industrial
Phoenix Mecano;info@phoenixmecano.com;Stein am Rhein;Switzerland;Manufacturing
Pilatus;info@pilatus-aircraft.com;Stans;Switzerland;Manufacturing
Recordati;info@recordati.com;Zug;Switzerland;Pharma
Romande Energie;info@romandeenergie.com;Lausanne;Switzerland;Industrial
SIG Combibloc;info@sig.biz;Neuhausen;Switzerland;Manufacturing
SIX Group;info@sixgroup.com;Zürich;Switzerland;Industrial
Spar;;Lucerne;Switzerland;Manufacturing
Straumann;info@straumann.com;Basel;Switzerland;Pharma
Tecan Group;info@tecan.com;Männedorf;Switzerland;Pharma
Zehnder;info@zehnder.com;Gränichen;Switzerland;Manufacturing
Adecco Switzerland;info@adecco.com;Opfikon;Switzerland;Industrial
Adval Tech;info@advaltech.com;Niederwangen;Switzerland;Manufacturing
Arbonia;info@arbonia.com;Arbon;Switzerland;Manufacturing
Arbonia Holding;info@arboniaholding.com;Arbon;Switzerland;Manufacturing
Basler Kantonalbank;info@baslerkantonalbank.com;Basel;Switzerland;Industrial
Berner Kantonalbank;info@bernerkantonalbank.com;Bern;Switzerland;Industrial
BKW;;Bern;Switzerland;Industrial
Bossard;info@bossard.com;Zug;Switzerland;Manufacturing
Bucher Industries;info@bucherindustries.com;Niederweningen;Switzerland;Industrial
Calida;info@calida.com;Sursee;Switzerland;Manufacturing
Cembra;info@cembra.com;Zürich;Switzerland;Industrial
Chocoladefabriken Lindt;info@lindt.com;Kilchberg;Switzerland;Manufacturing
Coltene;info@coltene.com;Altstätten;Switzerland;Pharma
Dottikon;info@dottikon.com;Dottikon;Switzerland;Pharma
Evolva;info@evolva.com;Reinach;Switzerland;Pharma
Feintool;info@feintool.com;Lyss;Switzerland;Manufacturing
Fischer;info@georgfischer.com;Fisch;Switzerland;Manufacturing
Flughafen Zürich AG;info@flughafenzürichag.com;Zürich;Switzerland;Industrial
Forbo;info@forbo.com;Baar;Switzerland;Manufacturing
Gebrüder Meier;info@gebrüdermeier.com;Zürich;Switzerland;Manufacturing
Huber + Suhner;info@hubersuhner.com;Pfäffikon;Switzerland;Engineering
Interroll;info@interroll.com;Sant'Antonino;Switzerland;Manufacturing
Kardex;info@kardex.com;Zürich;Switzerland;Manufacturing
Kern;;Wohlen;Switzerland;Manufacturing
Kudelski;info@nagra.com;Cheseaux;Switzerland;Engineering
Leclanché;info@leclanché.com;Yverdon;Switzerland;Engineering
Papierfabrik Cham;info@papierfabrikcham.com;Cham;Switzerland;Manufacturing
Rheinmetall;info@rheinmetall.com;Zürich;Switzerland;Manufacturing
Schmolz + Bickenbach;info@schmolzbickenbach.com;Emmenbrücke;Switzerland;Manufacturing
Valora;info@valora.com;Muttenz;Switzerland;Manufacturing
Vaudoise Assurances;info@vaudoiseassurances.com;Lausanne;Switzerland;Industrial
Equinor;info@equinor.com;Stavanger;Norway;Industrial
Telenor;info@telenor.com;Fornebu;Norway;Engineering
Aker ASA;info@akerasa.com;Oslo;Norway;Industrial
Orkla;info@orkla.com;Oslo;Norway;Manufacturing
Aker Solutions;info@akersolutions.com;Oslo;Norway;Industrial
NorgesGruppen;info@norgesgruppen.no;Oslo;Norway;Manufacturing
Storebrand;info@storebrand.no;Lysaker;Norway;Industrial
Norske Skog;info@norskeskog.com;Oslo;Norway;Manufacturing
DNB;info@dnb.no;Oslo;Norway;Industrial
Posten Norge;info@posten.no;Oslo;Norway;Industrial
Coop Norge;info@coop.no;Oslo;Norway;Manufacturing
Reitangruppen;info@reitangruppen.no;Oslo;Norway;Manufacturing
Veidekke;info@veidekke.no;Oslo;Norway;Engineering
Statkraft;info@statkraft.com;Oslo;Norway;Industrial
Nortura;info@nortura.no;Oslo;Norway;Manufacturing
Gjensidige;info@gjensidige.no;Oslo;Norway;Industrial
Schibsted;info@schibsted.com;Oslo;Norway;Engineering
Møllergruppen;info@mollergruppen.no;Oslo;Norway;Manufacturing
Hafslund;info@hafslund.no;Oslo;Norway;Industrial
Skanska Norge;info@skanska.no;Oslo;Norway;Engineering
Varner-Gruppen;info@varner.eu;Oslo;Norway;Manufacturing
Cermaq;info@cermaq.com;Oslo;Norway;Manufacturing
Odfjell;info@odfjell.com;Bergen;Norway;Industrial
Statnett;info@statnett.no;Oslo;Norway;Industrial
Kongsberg Gruppen;info@kongsberg.com;Kongsberg;Norway;Industrial
Moelven Industrier;info@moelven.no;Oslo;Norway;Manufacturing
Bama Gruppen;info@bama.no;Oslo;Norway;Manufacturing
Wilh. Wilhelmsen;info@wilhelmsen.com;Lysaker;Norway;Industrial
Tinfos;info@tinfos.no;Notodden;Norway;Industrial
Avinor;info@avinor.no;Oslo;Norway;Industrial
NMD Grossisthandel;info@nmd.no;Oslo;Norway;Pharma
Felleskjøpet;info@felleskjopet.no;Oslo;Norway;Manufacturing
Marine Harvest;info@mowi.com;Bergen;Norway;Manufacturing
Lerøy Seafood Group;info@leroy.no;Bergen;Norway;Manufacturing
AF Gruppen;info@afgruppen.no;Oslo;Norway;Engineering
Tomra Systems;info@tomra.com;Asker;Norway;Manufacturing
Borregaard;info@borregaard.com;Sarpsborg;Norway;Manufacturing
Ringnes;info@ringnes.no;Oslo;Norway;Manufacturing
Tandberg;info@tandberg.com;Lysaker;Norway;Engineering
Laerdal Medical;info@laerdal.com;Stavanger;Norway;Pharma
Nammo;info@nammo.com;Raufoss;Norway;Manufacturing
SINTEF;info@sintef.no;Trondheim;Norway;Engineering
Eltek;info@eltek.com;Drammen;Norway;Engineering
Visma;info@visma.com;Oslo;Norway;Engineering
Multiconsult;info@multiconsult.com;Oslo;Norway;Engineering
Framo;info@framo.no;Bergen;Norway;Manufacturing
Kverneland Group;info@kvernelandgroup.com;Kvernaland;Norway;Manufacturing
Ekornes;info@ekornes.com;Sykkylven;Norway;Manufacturing
Kitron;info@kitron.com;Billingstad;Norway;Engineering
Petroleum Geo-Services;info@petroleumgeoservices.com;Oslo;Norway;Industrial
DOF;;Bergen;Norway;Industrial
Subsea 7;info@subsea7.com;Stavanger;Norway;Industrial
Solstad Offshore;info@solstadoffshore.com;Skudeneshavn;Norway;Industrial
Odfjell Drilling;info@odfjell.com;Bergen;Norway;Industrial
TGS-NOPEC;info@tgsnopec.com;Oslo;Norway;Industrial
Prosafe;info@prosafe.com;Stavanger;Norway;Industrial
Eidesvik Offshore;info@eidesvikoffshore.com;Bømlo;Norway;Industrial
Farstad Shipping;info@farstadshipping.com;Ålesund;Norway;Industrial
Deep Ocean;info@deepocean.com;Bergen;Norway;Industrial
GC Rieber;info@gcrieber.com;Bergen;Norway;Industrial
Wilson;info@wilson.com;Bergen;Norway;Industrial
Scana Industrier;info@scanaindustrier.com;Follafoss;Norway;Manufacturing
Glamox;info@glamox.com;Oslo;Norway;Manufacturing
Norsk Tipping;info@norsk-tipping.no;Oslo;Norway;Industrial
TV 2 Gruppen;info@tv2gruppen.com;Bergen;Norway;Engineering
Widerøe;info@widerøe.com;Bodø;Norway;Industrial
Hurtigruten;info@hurtigruten.com;Tromsø;Norway;Industrial
Color Group;info@color.no;Oslo;Norway;Industrial
Renewable Energy Corporation;info@recgroup.com;Sandvika;Norway;Industrial
Agder Energi;info@agderenergi.no;Kristiansand;Norway;Industrial
E-CO Energi;info@ecoenergi.com;Oslo;Norway;Industrial
Skagerak Energi;info@skagerakenergi.com;Porsgrunn;Norway;Industrial
Lyse Kraft;info@lysekraft.com;Stavanger;Norway;Industrial
Troms Kraft;info@tromskraft.com;Tromsø;Norway;Industrial
Fjordkraft;info@fjordkraft.com;Oslo;Norway;Industrial
TrønderEnergi;info@trønderenergi.com;Trondheim;Norway;Industrial
HelgelandsKraft;info@helgelandskraft.com;Mosjøen;Norway;Industrial
Akershus Energi;info@akerasa.com;Bjørkelangen;Norway;Industrial
Eidsiva Energi;info@eidsivaenergi.com;Hamar;Norway;Industrial
Bergenshalvøens Kraftselskap;info@bergenshalvøenskraftselsk.com;Bergen;Norway;Industrial
Fredrikstad Energi;info@fredrikstadenergi.com;Fredrikstad;Norway;Industrial
Trondheim Energi;info@trondheimenergi.com;Trondheim;Norway;Industrial
Energiselskapet Buskerud;info@energiselskapetbuskerud.com;Drammen;Norway;Industrial
Nord-Trøndelag Elektrisitetsverk;info@nordtrøndelagelektrisitet.com;Steinkjer;Norway;Industrial
Boliden Odda;info@bolidenodda.com;Odda;Norway;Manufacturing
Eramet Norway;info@erametnorway.com;Porsgrunn;Norway;Manufacturing
Norsk Stål;info@norskstål.com;Oslo;Norway;Manufacturing
Protan;info@protan.com;Oslo;Norway;Manufacturing
Glava;info@glava.com;Vennesla;Norway;Manufacturing
Hustadmarmor;info@hustadmarmor.com;Elnesvågen;Norway;Manufacturing
Nordic Paper;info@nordicpaper.com;Halden;Norway;Manufacturing
Denofa;info@denofa.com;Fredrikstad;Norway;Manufacturing
Synnøve Finden;info@synnøvefinden.com;Oslo;Norway;Manufacturing
Hansa Borg Bryggerier;info@hansaborgbryggerier.com;Bergen;Norway;Manufacturing
Arcus-Gruppen;info@arcusgruppen.com;Oslo;Norway;Manufacturing
Kavli;info@kavli.com;Bergen;Norway;Manufacturing
Rieber & Søn;info@rieberandsøn.com;Bergen;Norway;Manufacturing
Skretting;info@skretting.com;Stavanger;Norway;Manufacturing
BioMar;info@biomar.com;Bergen;Norway;Manufacturing
Felleskjøpet Agri;info@felleskjopet.no;Oslo;Norway;Manufacturing
A-Pressen;info@apressen.com;Oslo;Norway;Engineering
Gyldendal;info@gyldendal.com;Oslo;Norway;Engineering
Bergens Tidende;info@bergenstidende.com;Bergen;Norway;Engineering
Adresseavisen;info@adresseavisen.com;Trondheim;Norway;Engineering
ABG Sundal Collier;info@abgsundalcollier.com;Oslo;Norway;Engineering
Pareto;info@pareto.com;Oslo;Norway;Engineering
Carnegie;info@carnegie.com;Oslo;Norway;Engineering
First Securities;info@firstsecurities.com;Oslo;Norway;Engineering
Fast Search & Transfer;info@fastsearchandtransfer.com;Oslo;Norway;Engineering
Chess Communication;info@chesscommunication.com;Oslo;Norway;Engineering
Get;;Oslo;Norway;Engineering
TDC Song;info@tdcsong.com;Oslo;Norway;Engineering
NetCom;info@netcom.com;Oslo;Norway;Engineering
Tele2 Norge;info@tele2norge.com;Oslo;Norway;Engineering
Accenture;info@accenture.com;Oslo;Norway;Engineering
Capgemini Norge;info@capgemininorge.com;Oslo;Norway;Engineering
IBM Norway;info@ibmnorway.com;Oslo;Norway;Engineering
Hewlett Packard Norge;info@hewlettpackardnorge.com;Oslo;Norway;Engineering
Fujitsu Siemens Norway;info@siemens.com;Oslo;Norway;Engineering
Tieto;info@tieto.com;Oslo;Norway;Engineering
ErgoGroup;info@ergogroup.com;Oslo;Norway;Engineering
EDB Business Partner;info@edbbusinesspartner.com;Oslo;Norway;Engineering
Komplett;info@komplett.com;Oslo;Norway;Engineering
Arrow Electronics Norway;info@arrowelectronicsnorway.com;Oslo;Norway;Engineering
Schneider Electric Norge;info@schneiderelectricnorge.com;Oslo;Norway;Engineering
Siemens Norway;info@siemens.com;Oslo;Norway;Engineering
Adecco Norge;info@adecconorge.com;Oslo;Norway;Industrial
ISS Facility Services;info@issworld.com;Oslo;Norway;Industrial
Kuehne + Nagel Norway;info@kuehnenagelnorway.com;Oslo;Norway;Industrial
Schenker Norway;info@schenkernorway.com;Oslo;Norway;Industrial
DSV Road;info@dsvroad.com;Oslo;Norway;Industrial
Thon Holding;info@thonholding.com;Oslo;Norway;Industrial
Olav Thon Eiendomsselskap;info@olavthoneiendomsselskap.com;Oslo;Norway;Industrial
Entra Eiendom;info@entraeiendom.com;Oslo;Norway;Industrial
Selvaag Gruppen;info@selvaaggruppen.com;Oslo;Norway;Engineering
Kruse Smith;info@krusesmith.com;Oslo;Norway;Engineering
Reinertsen;info@reinertsen.com;Trondheim;Norway;Engineering
Byggma;info@byggma.com;Oslo;Norway;Engineering
Block Watne;info@blockwatne.com;Oslo;Norway;Engineering
Peab;;Oslo;Norway;Engineering
NCC Construction;info@ncc.no;Oslo;Norway;Engineering
YIT Building Systems;info@yitbuildingsystems.com;Oslo;Norway;Engineering
Bautas;info@bautas.com;Oslo;Norway;Engineering
Aspelin-Ramm;info@aspelinramm.com;Oslo;Norway;Engineering
Terra Gruppen;info@terragruppen.com;Oslo;Norway;Engineering
Ability Group;info@abilitygroup.com;Oslo;Norway;Engineering
D&F Group;info@dandfgroup.com;Oslo;Norway;Manufacturing
Brødrene Dahl;info@brødrenedahl.com;Oslo;Norway;Manufacturing
Validus;info@validus.com;Oslo;Norway;Manufacturing
Johs Rasmussen;info@johsrasmussen.com;Oslo;Norway;Manufacturing
Gunnar Karlsen;info@gunnarkarlsen.com;Oslo;Norway;Manufacturing
IKM Gruppen;info@ikmgruppen.com;Bergen;Norway;Engineering
Kaefer IKM;info@kaeferikm.com;Stavanger;Norway;Engineering
Technip Norge;info@technipnorge.com;Stavanger;Norway;Industrial
Baker Hughes Norge;info@akerasa.com;Sandvika;Norway;Industrial
Halliburton Norway;info@halliburtonnorway.com;Stavanger;Norway;Industrial
National Oilwell Norway;info@nationaloilwellnorway.com;Kristiansand;Norway;Industrial
Acergy Norway;info@acergynorway.com;Stavanger;Norway;Industrial
Fugro-Geoteam;info@fugrogeoteam.com;Oslo;Norway;Industrial
Oceaneering Norway;info@oceaneeringnorway.com;Stavanger;Norway;Industrial
Roxar;info@roxar.com;Stavanger;Norway;Engineering
Frank Mohn;info@frankmohn.no;Bergen;Norway;Manufacturing
Framo Engineering;info@framo.no;Bergen;Norway;Manufacturing
Rolls-Royce Marine Norway;info@rollsroycemarinenorway.com;Ulsteinvik;Norway;Industrial
TTS Marine;info@ttsmarine.com;Bergen;Norway;Industrial
Umoe;;Oslo;Norway;Industrial
Kleven Maritime;info@klevenmaritime.com;Ulsteinvik;Norway;Industrial
Camillo Eitzen;info@camilloeitzen.com;Oslo;Norway;Industrial
Star Shipping;info@starshipping.com;Bergen;Norway;Industrial
Torvald Klaveness;info@torvaldklaveness.com;Oslo;Norway;Industrial
O. N. Sunde;info@onsunde.com;Ålesund;Norway;Industrial
I. M. Skaugen;info@imskaugen.com;Oslo;Norway;Industrial
Leif Høegh;info@leifhøegh.com;Oslo;Norway;Industrial
J. J. Ugland;info@jjugland.com;Kristiansand;Norway;Industrial
Color Line;info@colorline.com;Oslo;Norway;Industrial
Fjord1;info@fjord1.com;Florø;Norway;Industrial
Torghatten;info@torghatten.com;Brønnøysund;Norway;Industrial
Vy;;Oslo;Norway;Industrial
Stor-Oslo Lokaltrafikk;info@storoslolokaltrafikk.com;Oslo;Norway;Industrial
Fosen Trafikklag;info@fosentrafikklag.com;Orkanger;Norway;Industrial
Tide;;Bergen;Norway;Industrial
Boreal;info@boreal.com;Tromsø;Norway;Industrial
Norges Røde Kors;info@norgesrødekors.com;Oslo;Norway;Pharma
Ullevål Universitetssykehus;info@ullevåluniversitetssykehu.com;Oslo;Norway;Pharma
Rikshospitalet;info@rikshospitalet.com;Oslo;Norway;Pharma
Diakonhjemmet Sykehus;info@diakonhjemmetsykehus.com;Oslo;Norway;Pharma
Lovisenberg Diakonale Sykehus;info@lovisenbergdiakonalesykeh.com;Oslo;Norway;Pharma
Aker Universitetssykehus;info@akerasa.com;Oslo;Norway;Pharma
Vitusapotek;info@vitusapotek.com;Oslo;Norway;Pharma
Alliance Unichem Norge;info@allianceunichemnorge.com;Oslo;Norway;Pharma
Nycomed Pharma;info@nycomedpharma.com;Oslo;Norway;Pharma
Pfizer Norway;info@pfizernorway.com;Oslo;Norway;Pharma
Bertel O Steen;info@bertelosteen.com;Oslo;Norway;Manufacturing
Elkjøp;info@elkjøp.com;Oslo;Norway;Manufacturing
Mesta;info@mesta.com;Oslo;Norway;Engineering
Kraft Foods Norway;info@kraftfoodsnorway.com;Oslo;Norway;Manufacturing
Apokjeden;info@apokjeden.com;Oslo;Norway;Manufacturing
YX Energi;info@yxenergi.com;Oslo;Norway;Industrial
SAS Braathens;info@sasbraathens.com;Oslo;Norway;Industrial
SpareBank 1 Gruppen;info@sparebank1gruppen.com;Oslo;Norway;Industrial
Aktieselskapet Vinmonopolet;info@vinmonopolet.no;Oslo;Norway;Manufacturing
Ementor;info@ementor.com;Oslo;Norway;Engineering
Nordea Bank Norge;info@nordeabanknorge.com;Oslo;Norway;Industrial
Rolls-Royce Marine;info@rollsroycemarine.com;Ulsteinvik;Norway;Industrial
YX Energi Norge;info@yxenerginorge.com;Oslo;Norway;Industrial
GE Healthcare Norway;info@gehealthcare.com;Oslo;Norway;Pharma
Kistefos;info@kistefos.no;Oslo;Norway;Industrial
Optimera;info@optimera.no;Oslo;Norway;Manufacturing
IKEA Norge;info@ikea.com;Oslo;Norway;Manufacturing
Byggmakker Norge;info@byggmakkernorge.com;Oslo;Norway;Engineering
Fred Olsen Energy;info@fredolsenenergy.com;Oslo;Norway;Industrial
Elkjøp Norge;info@elkjøpnorge.com;Oslo;Norway;Manufacturing
Norsk Rikskringkasting;info@norskrikskringkasting.com;Oslo;Norway;Engineering
Toyota Norge;info@toyotanorge.com;Oslo;Norway;Manufacturing
Polimoon Group;info@polimoongroup.com;Oslo;Norway;Manufacturing
H&M Norge;info@handmnorge.com;Oslo;Norway;Manufacturing
Talisman Energy Norge;info@talismanenergynorge.com;Oslo;Norway;Industrial
Norwegian Air Shuttle;info@norwegianairshuttle.com;Oslo;Norway;Industrial
Stiftelsen Norsk Rikstoto;info@stiftelsennorskrikstoto.com;Oslo;Norway;Industrial
Norsk Scania;info@norskscania.com;Oslo;Norway;Manufacturing
Canica;info@canica.com;Oslo;Norway;Pharma
Veolia Miljø;info@veoliamiljø.com;Oslo;Norway;Industrial
Statsbygg;info@statsbygg.com;Oslo;Norway;Engineering
DONG E&P Norge;info@dongeandpnorge.com;Oslo;Norway;Industrial
Grieg Maturitas;info@griegmaturitas.com;Bergen;Norway;Manufacturing
Ruukki Norge;info@ruukkinorge.com;Oslo;Norway;Manufacturing
Fjord1 Nordvestlandske;info@fjord1nordvestlandske.com;Florø;Norway;Industrial
Sparebank 1 SR-Bank;info@sparebank1srbank.com;Stavanger;Norway;Industrial
Tandberg Television;info@tandberg.com;Lysaker;Norway;Engineering
Sparebanken Nord Norge;info@sparebankennordnorge.com;Tromsø;Norway;Industrial
Coca-Cola Drikker;info@cocacoladrikker.com;Oslo;Norway;Manufacturing
MyTravel Norway;info@mytravelnorway.com;Oslo;Norway;Industrial
Aker Seafoods;info@akerasa.com;Bergen;Norway;Manufacturing
Elektroskandia;info@elektroskandia.com;Oslo;Norway;Manufacturing
Steen & Strøm;info@steenandstrøm.com;Oslo;Norway;Manufacturing
Europris Holding;info@europrisholding.com;Oslo;Norway;Manufacturing
M-I Swaco Norge;info@miswaconorge.com;Stavanger;Norway;Industrial
Subsea 7 Norway;info@subsea7norway.com;Stavanger;Norway;Industrial
Domstein;info@domstein.com;Bergen;Norway;Manufacturing
DOF Subsea;info@dofsubsea.com;Bergen;Norway;Industrial
Eniro Holding;info@eniroholding.com;Oslo;Norway;Engineering
Acta Holding;info@actaholding.com;Oslo;Norway;Industrial
Torghatten Trafikkselskap;info@torghattentrafikkselskap.com;Brønnøysund;Norway;Industrial
Onninen;info@onninen.com;Oslo;Norway;Manufacturing
Rica Hotels;info@ricahotels.com;Oslo;Norway;Industrial
Heidenreich Holding;info@heidenreichholding.com;Oslo;Norway;Industrial
Ulsmo;info@ulsmo.com;Oslo;Norway;Manufacturing
Relacom;info@relacom.com;Oslo;Norway;Engineering
Dangaard Telecom Norway;info@dangaardtelecomnorway.com;Oslo;Norway;Engineering
Automobil AS;info@automobilas.com;Oslo;Norway;Manufacturing
APL ASA;info@aplasa.com;Oslo;Norway;Industrial
General Motors Norge;info@generalmotorsnorge.com;Oslo;Norway;Manufacturing
Sparebanken Norge;info@sparebankennorge.com;Oslo;Norway;Industrial
RWE Dea Norge;info@rwedeanorge.com;Oslo;Norway;Industrial
Hjemmet Mortensen;info@hjemmetmortensen.com;Oslo;Norway;Engineering
Motor Gruppen;info@motorgruppen.com;Oslo;Norway;Manufacturing
A Wilhelmsen;info@wilhelmsen.com;Oslo;Norway;Industrial
Felleskjøpet Rogaland Agder;info@felleskjopet.no;Stavanger;Norway;Manufacturing
Brødr. Sunde;info@brødrsunde.com;Bergen;Norway;Industrial
Volvo Maskin;info@volvomaskin.com;Oslo;Norway;Manufacturing
Jackon;info@jackon.com;Oslo;Norway;Manufacturing
Menigo Foodservice Norge;info@menigofoodservicenorge.com;Oslo;Norway;Manufacturing
Sparebanken Midt-Norge;info@sparebankenmidtnorge.com;Trondheim;Norway;Industrial
Skeidar Holding;info@skeidarholding.com;Oslo;Norway;Manufacturing
Jakob Hatteland Holding;info@jakobhattelandholding.com;Stavanger;Norway;Engineering
Coop Nord;info@coopnord.com;Tromsø;Norway;Manufacturing
Bonheur;info@bonheur.com;Oslo;Norway;Industrial
Nordic Intertrade;info@nordicintertrade.com;Oslo;Norway;Manufacturing
Lani Invest;info@laniinvest.com;Oslo;Norway;Industrial
Esso Energi;info@essoenergi.com;Oslo;Norway;Industrial
Scancem International;info@scanceminternational.com;Oslo;Norway;Manufacturing
Bankenes Betalingssentral;info@bankenesbetalingssentral.com;Oslo;Norway;Engineering
Johan G Olsen;info@johangolsen.com;Bergen;Norway;Industrial
Grenland Group;info@grenlandgroup.com;Porsgrunn;Norway;Manufacturing
Forbrukersamvirket Sør;info@forbrukersamvirketsør.com;Kristiansand;Norway;Manufacturing
KB Gruppen Kongsvinger;info@kbgruppenkongsvinger.com;Kongsvinger;Norway;Engineering
Coop Orkla;info@orkla.com;Oslo;Norway;Manufacturing
Coop Vestfold og Telemark;info@coopvestfoldogtelemark.com;Tønsberg;Norway;Manufacturing
Pemco;info@pemco.com;Oslo;Norway;Manufacturing
Skanem;info@skanem.com;Oslo;Norway;Manufacturing
Ocean Rig;info@oceanrig.com;Oslo;Norway;Industrial
Hig Invest;info@higinvest.com;Oslo;Norway;Industrial
Norsea Group;info@norseagroup.com;Stavanger;Norway;Industrial
Norskott Havbruk;info@norskotthavbruk.com;Bergen;Norway;Manufacturing
Eikmaskin;info@eikmaskin.com;Oslo;Norway;Manufacturing
Neumann Bygg;info@neumannbygg.com;Oslo;Norway;Engineering
Norsea Gas;info@norseagas.com;Stavanger;Norway;Industrial
Wurth Norge;info@wurthnorge.com;Oslo;Norway;Manufacturing
Coop Innlandet;info@coopinnlandet.com;Lillehammer;Norway;Manufacturing
Høiland Holding;info@høilandholding.com;Oslo;Norway;Industrial
AGA;;Oslo;Norway;Industrial
Ugland Rederi;info@uglandrederi.com;Kristiansand;Norway;Industrial
Sulland Holding;info@sullandholding.com;Oslo;Norway;Manufacturing
Technor Holding;info@technorholding.com;Oslo;Norway;Engineering
Coop Sambo;info@coopsambo.com;Oslo;Norway;Manufacturing
Maxit;info@maxit.com;Oslo;Norway;Manufacturing
Felleskjøpet Maskin;info@felleskjopet.no;Oslo;Norway;Manufacturing
Treschow-Fritzøe;info@treschowfritzøe.com;Larvik;Norway;Manufacturing
Ruukki Profiler;info@ruukkiprofiler.com;Oslo;Norway;Manufacturing
Falconbridge Nikkelverk;info@falconbridgenikkelverk.com;Kristiansand;Norway;Manufacturing
Strømberg Gruppen;info@strømberggruppen.com;Oslo;Norway;Engineering
Sigurd Hesselberg;info@sigurdhesselberg.com;Oslo;Norway;Manufacturing
Volvo Aero Norge;info@volvoaeronorge.com;Oslo;Norway;Manufacturing
Frelsesarmeen;info@frelsesarmeen.com;Oslo;Norway;Industrial
Brødrene Risa;info@brødrenerisa.com;Oslo;Norway;Manufacturing
Rasmussengruppen;info@rasmussengruppen.com;Oslo;Norway;Industrial
Nydalen Bolig;info@nydalenbolig.com;Oslo;Norway;Industrial
Bunker Oil;info@bunkeroil.com;Oslo;Norway;Industrial
Assuranceforeningen Skuld;info@assuranceforeningenskuld.com;Oslo;Norway;Industrial
Jøtul Holding;info@jøtulholding.com;Oslo;Norway;Manufacturing
MAN Last og Buss;info@manlastogbuss.com;Oslo;Norway;Manufacturing
Utkilen;info@utkilen.com;Oslo;Norway;Industrial
Knut Axel Ugland Holding;info@knutaxeluglandholding.com;Kristiansand;Norway;Industrial
Nordlaks Holding;info@nordlaksholding.com;Stokmarknes;Norway;Manufacturing
Fjordlaks;info@fjordlaks.com;Florø;Norway;Manufacturing
Istad;info@istad.com;Oslo;Norway;Manufacturing
Gunnar Nordbø;info@gunnarnordbø.com;Bergen;Norway;Industrial
Bourbon Offshore Norway;info@bourbonoffshorenorway.com;Bergen;Norway;Industrial
Brødrene Nordbø;info@brødrenenordbø.com;Bergen;Norway;Industrial
Odim;;Ulsteinvik;Norway;Manufacturing
Anthon B Nilsen;info@anthonbnilsen.com;Oslo;Norway;Manufacturing
Tandberg Data;info@tandberg.com;Oslo;Norway;Engineering
Unicon;info@unicon.com;Oslo;Norway;Engineering
Scandinavian Fittings and Flanges;info@scandinavianfittingsandfl.com;Oslo;Norway;Manufacturing
Fortum Markets;info@fortummarkets.com;Oslo;Norway;Industrial
Egil Stenshagen Holding;info@egilstenshagenholding.com;Oslo;Norway;Industrial
Norges Handels og Sjøfartstidende;info@norgeshandelsogsjøfartsti.com;Oslo;Norway;Engineering
Oceaneering;info@oceaneering.com;Stavanger;Norway;Industrial
Hospitality Invest;info@hospitalityinvest.com;Oslo;Norway;Industrial
Folke Hermansen;info@folkehermansen.com;Stavanger;Norway;Industrial
Kid Interiør;info@kidinteriør.com;Oslo;Norway;Manufacturing
Viking Supply Ships;info@vikingsupplyships.com;Bergen;Norway;Industrial
Boligbygg Oslo;info@boligbyggoslo.com;Oslo;Norway;Industrial
West Contractors;info@westcontractors.com;Oslo;Norway;Engineering
Bjørge;info@bjørge.com;Oslo;Norway;Manufacturing
Welcon;info@welcon.com;Oslo;Norway;Manufacturing
Blom;;Oslo;Norway;Engineering
NLI Holding;info@nliholding.com;Oslo;Norway;Industrial
Santander Consumer Bank;info@santanderconsumerbank.com;Oslo;Norway;Industrial
Periscopus;info@periscopus.com;Oslo;Norway;Engineering
Norwegian Hull Club;info@norwegianhullclub.com;Oslo;Norway;Industrial
Europark;info@europark.com;Oslo;Norway;Industrial
Fjordland;info@fjordland.com;Oslo;Norway;Manufacturing
Trico Supply;info@tricosupply.com;Oslo;Norway;Manufacturing
Petrojack;info@petrojack.com;Oslo;Norway;Industrial
Leonhard Nilsen & Sønner;info@leonhardnilsenandsønner.com;Narvik;Norway;Engineering
BA Holding;info@baholding.com;Oslo;Norway;Industrial
Norsildmel Innovation;info@norsildmelinnovation.com;Oslo;Norway;Manufacturing
Salmar;info@salmar.com;Frøya;Norway;Manufacturing
Norway Royal Salmon;info@norwayroyalsalmon.com;Tromsø;Norway;Manufacturing
Electrolux Home Products Norway;info@electroluxhomeproductsnor.com;Oslo;Norway;Manufacturing
Norsk Helikopter;info@norskhelikopter.com;Bergen;Norway;Industrial
PricewaterhouseCoopers Norway;info@pricewaterhousecoopersnor.com;Oslo;Norway;Engineering
Pon Equipment;info@ponequipment.com;Oslo;Norway;Manufacturing
Det Norske Diakonhjem;info@detnorskediakonhjem.com;Oslo;Norway;Pharma
Kjedehuset;info@kjedehuset.com;Oslo;Norway;Manufacturing
Coop Økonom;info@coopøkonom.com;Oslo;Norway;Manufacturing
Coop Haugaland;info@coophaugaland.com;Haugesund;Norway;Manufacturing
Seaborn;info@seaborn.com;Bergen;Norway;Industrial
Kuoni Scandinavia;info@kuoniscandinavia.com;Oslo;Norway;Industrial
CHC Helikopter Service;info@chchelikopterservice.com;Bergen;Norway;Industrial
Dagbladet;info@dagbladet.com;Oslo;Norway;Engineering
Linstow;info@linstow.com;Oslo;Norway;Industrial
Shell International Pipelines;info@shellinternationalpipelin.com;Oslo;Norway;Industrial
SCA Hygiene Products;info@scahygieneproducts.com;Oslo;Norway;Manufacturing
Maske Gruppen;info@maskegruppen.com;Oslo;Norway;Manufacturing
Marathon Petroleum Norway;info@marathonpetroleumnorway.com;Oslo;Norway;Industrial
Nortura Hærland;info@nortura.no;Oslo;Norway;Manufacturing
Handicare;info@handicare.com;Oslo;Norway;Pharma
Chevron Norge;info@chevronnorge.com;Oslo;Norway;Industrial
Kronos Norge;info@kronosnorge.com;Oslo;Norway;Manufacturing
Bonnier Publications Norway;info@bonnierpublicationsnorway.com;Oslo;Norway;Engineering
Altinex;info@altinex.com;Oslo;Norway;Engineering
Bergene Holm;info@bergeneholm.com;Oslo;Norway;Manufacturing
Infocare;info@infocare.com;Oslo;Norway;Engineering
Gartnerhallen;info@gartnerhallen.com;Oslo;Norway;Manufacturing
NCC Roads;info@ncc.no;Oslo;Norway;Engineering
Jordan;info@jordan.com;Oslo;Norway;Manufacturing
Lindex;info@lindex.com;Oslo;Norway;Manufacturing
Bundegruppen;info@bundegruppen.com;Oslo;Norway;Manufacturing
Lefdal Elektromarked;info@lefdalelektromarked.com;Oslo;Norway;Manufacturing
Nordli Gruppen;info@nordligruppen.com;Oslo;Norway;Manufacturing
Spenncon;info@spenncon.com;Oslo;Norway;Engineering
Assuranceforeningen Gard;info@assuranceforeningengard.com;Oslo;Norway;Industrial
Spis Norge;info@spisnorge.com;Oslo;Norway;Manufacturing
Legula;info@legula.com;Oslo;Norway;Manufacturing
Stavanger Fondsforvaltning;info@stavangerfondsforvaltning.com;Stavanger;Norway;Industrial
KappAhl;info@kappahl.com;Oslo;Norway;Manufacturing
E.ON Ruhrgas Norge;info@eonruhrgasnorge.com;Oslo;Norway;Industrial
Aker Marine Contractors;info@akerasa.com;Oslo;Norway;Industrial
Mitsui & Co Norway;info@mitsuiandconorway.com;Oslo;Norway;Industrial
Sparebanken Hedmark;info@sparebankenhedmark.com;Hamar;Norway;Industrial
DFDS Lys Line;info@dfdslysline.com;Oslo;Norway;Industrial
KCA Deutag Drilling Norge;info@kcadeutagdrillingnorge.com;Stavanger;Norway;Industrial
Knutsen Shuttle Tankers Pool;info@knutsenshuttletankerspool.com;Bergen;Norway;Industrial
Clas Ohlson;info@clasohlson.com;Oslo;Norway;Manufacturing
Jysk;;Oslo;Norway;Manufacturing
Green Reefers;info@greenreefers.com;Bergen;Norway;Industrial
T S Eiendom;info@tseiendom.com;Oslo;Norway;Industrial
Get AS;info@getas.com;Oslo;Norway;Engineering
Pexip;info@pexip.com;Oslo;Norway;Engineering
Atea;;Oslo;Norway;Engineering
Evry;;Oslo;Norway;Engineering
Momentum Group;info@momentumgroup.com;Oslo;Norway;Manufacturing
Asker og Bærum Bud;info@askerogbærumbud.com;Oslo;Norway;Industrial
Bravida;info@bravida.com;Oslo;Norway;Engineering
Caverion;info@caverion.com;Oslo;Norway;Engineering
Aibel;info@aibel.com;Bergen;Norway;Industrial
Aker BP;info@akerasa.com;Oslo;Norway;Industrial
Apply;info@apply.com;Oslo;Norway;Engineering
Aker Clean Hydrogen;info@hydro.com;Oslo;Norway;Industrial
BW Offshore;info@bwoffshore.com;Oslo;Norway;Industrial
BW LPG;info@bwlpg.com;Oslo;Norway;Industrial
Frontline;info@frontline.com;Oslo;Norway;Industrial
Havila Shipping;info@havilashipping.com;Bergen;Norway;Industrial
Solstad Farstad;info@solstadfarstad.com;Skudeneshavn;Norway;Industrial
Siem Offshore;info@siemoffshore.com;Kristiansand;Norway;Industrial
Deep Sea Supply;info@deepseasupply.com;Bergen;Norway;Industrial
Golden Ocean;info@goldenocean.com;Oslo;Norway;Industrial
Nordic American Tankers;info@nordicamericantankers.com;Oslo;Norway;Industrial
Teekay;info@teekay.com;Oslo;Norway;Industrial
Flex LNG;info@flexlng.com;Oslo;Norway;Industrial
Golar LNG;info@golarlng.com;Oslo;Norway;Industrial
Cool Company;info@coolcompany.com;Oslo;Norway;Industrial
Hunter Group;info@huntergroup.com;Oslo;Norway;Industrial
2020 Bulkers;info@2020bulkers.com;Oslo;Norway;Industrial
Arctic Securities;info@arcticsecurities.com;Oslo;Norway;Engineering
DNB Markets;info@dnb.no;Oslo;Norway;Engineering
Pareto Securities;info@paretosecurities.com;Oslo;Norway;Engineering
SpareBank 1 Markets;info@sparebank1markets.com;Oslo;Norway;Engineering
Arctic Paper;info@arcticpaper.com;Oslo;Norway;Manufacturing
Elopak;info@elopak.com;Oslo;Norway;Manufacturing
Hexpol;info@hexpol.com;Oslo;Norway;Manufacturing
Scatec;info@scatec.com;Oslo;Norway;Industrial
REC Solar;info@recsolar.com;Oslo;Norway;Industrial
Nel Hydrogen;info@hydro.com;Oslo;Norway;Industrial
Hydrogen Pro;info@hydro.com;Oslo;Norway;Industrial
Hexagon Purus;info@hexagonpurus.com;Oslo;Norway;Industrial
Freyr;info@freyr.com;Oslo;Norway;Industrial
Morrow Batteries;info@morrowbatteries.com;Oslo;Norway;Industrial
Battery Norway;info@batterynorway.com;Oslo;Norway;Industrial
Norsk Titanium;info@norsktitanium.com;Oslo;Norway;Manufacturing
Kongsberg Digital;info@kongsberg.com;Kongsberg;Norway;Engineering
Kongsberg Defence;info@kongsberg.com;Kongsberg;Norway;Industrial
Thales Norway;info@thalesnorway.com;Oslo;Norway;Engineering
Kongsberg Protech;info@kongsberg.com;Kongsberg;Norway;Industrial
Nexans;info@nexans.com;Oslo;Norway;Manufacturing
Fesil;info@fesil.com;Oslo;Norway;Manufacturing
Hydro;info@hydro.com;Oslo;Norway;Industrial
Yara;info@yara.com;Oslo;Norway;Industrial
Innoco;info@innoco.com;Oslo;Norway;Manufacturing
Scatec Solar;info@scatecsolar.com;Oslo;Norway;Industrial
Lyse;;Stavanger;Norway;Industrial
BKK;;Bergen;Norway;Industrial
Skagerak;info@skagerak.com;Porsgrunn;Norway;Industrial
Glencore Norway;info@glencorenorway.com;Oslo;Norway;Industrial
Lundin Energy;info@lundinenergy.com;Oslo;Norway;Industrial
Aker Horizons;info@akerasa.com;Oslo;Norway;Industrial
Nel;;Oslo;Norway;Industrial
Mestergruppen;info@mestergruppen.com;Oslo;Norway;Engineering
Sweco Norway;info@sweconorway.com;Oslo;Norway;Engineering
COWI Norway;info@cowinorway.com;Oslo;Norway;Engineering
Ramboll Norway;info@rambollnorway.com;Oslo;Norway;Engineering
Skanska;info@skanska.no;Oslo;Norway;Engineering
OBOS;;Oslo;Norway;Industrial
Selvaag;info@selvaag.com;Oslo;Norway;Engineering
Entra;info@entra.com;Oslo;Norway;Industrial
If Skadeforsikring;info@ifskadeforsikring.com;Oslo;Norway;Industrial
Tryg;;Oslo;Norway;Industrial
Protector;info@protector.com;Oslo;Norway;Industrial
Amedia;info@amedia.com;Oslo;Norway;Engineering
TV 2;;Bergen;Norway;Engineering
Egmont;info@egmont.com;Oslo;Norway;Engineering
Aller Media;info@allermedia.com;Oslo;Norway;Engineering
Polaris Media;info@polarismedia.com;Oslo;Norway;Engineering
NHST;;Bergen;Norway;Engineering
Teknisk Ukeblad;info@tekniskukeblad.com;Oslo;Norway;Engineering
Nettavisen;info@nettavisen.com;Oslo;Norway;Engineering
E24;;Oslo;Norway;Engineering
Finansavisen;info@finansavisen.com;Oslo;Norway;Engineering
Dagens Næringsliv;info@dagensnæringsliv.com;Oslo;Norway;Engineering
Aftenposten;info@aftenposten.com;Oslo;Norway;Engineering
VG;;Oslo;Norway;Engineering
Klassekampen;info@klassekampen.com;Oslo;Norway;Engineering
Dagsavisen;info@dagsavisen.com;Oslo;Norway;Engineering
Stavanger Aftenblad;info@stavangeraftenblad.com;Stavanger;Norway;Engineering
Fædrelandsvennen;info@fædrelandsvennen.com;Kristiansand;Norway;Engineering
Nordlys;info@nordlys.com;Tromsø;Norway;Engineering
Romsdal Budstikke;info@romsdalbudstikke.com;Molde;Norway;Engineering
Haugesunds Avis;info@haugesundsavis.com;Haugesund;Norway;Engineering
Sunnmørsposten;info@sunnmørsposten.com;Ålesund;Norway;Engineering
Gjengangeren;info@gjengangeren.com;Horten;Norway;Engineering
Tønsbergs Blad;info@tønsbergsblad.com;Tønsberg;Norway;Engineering
Fredriksstad Blad;info@fredriksstadblad.com;Fredrikstad;Norway;Engineering
Glåmdalen;info@glåmdalen.com;Kongsvinger;Norway;Engineering
Oppland Arbeiderblad;info@opplandarbeiderblad.com;Gjøvik;Norway;Engineering
Ringerikes Blad;info@ringerikesblad.com;Hønefoss;Norway;Engineering
Lokalavisen;info@lokalavisen.com;Oslo;Norway;Engineering
Bygdeposten;info@bygdeposten.com;Oslo;Norway;Engineering
Tu.no;;Oslo;Norway;Engineering
Shifter;info@shifter.com;Oslo;Norway;Engineering
Digi;;Oslo;Norway;Engineering
Computerworld;info@computerworld.com;Oslo;Norway;Engineering
Dinside;info@dinside.com;Oslo;Norway;Engineering
Godt;;Oslo;Norway;Manufacturing
Kamille;info@kamille.com;Oslo;Norway;Manufacturing
Sol;;Oslo;Norway;Manufacturing
Se og Hør;info@seoghør.com;Oslo;Norway;Engineering
Hjemmet;info@hjemmet.com;Oslo;Norway;Engineering
Allers;info@allers.com;Oslo;Norway;Engineering
Det Norske Veritas;info@detnorskeveritas.com;Oslo;Norway;Engineering
DNV;;Oslo;Norway;Engineering
SINTEF Industry;info@sintef.no;Trondheim;Norway;Engineering
SINTEF Energy;info@sintef.no;Trondheim;Norway;Engineering
SINTEF Digital;info@sintef.no;Trondheim;Norway;Engineering
SINTEF Ocean;info@sintef.no;Trondheim;Norway;Engineering
SINTEF Building Research;info@sintef.no;Trondheim;Norway;Engineering
Nofima;info@nofima.com;Tromsø;Norway;Industrial
NIBIO;info@nibio.com;Ås;Norway;Industrial
SINTEF Manufacturing;info@sintef.no;Trondheim;Norway;Engineering
SINTEF Materials;info@sintef.no;Trondheim;Norway;Engineering
Norwegian Research Centre;info@norwegianresearchcentre.com;Oslo;Norway;Engineering
NORCE;info@norce.com;Bergen;Norway;Engineering
SINTEF Community;info@sintef.no;Trondheim;Norway;Engineering
Oslo Cancer Cluster;info@oslocancercluster.com;Oslo;Norway;Pharma
Norway Health Tech;info@norwayhealthtech.com;Oslo;Norway;Pharma
NCE Maritime;info@ncemaritime.com;Bergen;Norway;Industrial
NCE Seafood Innovation;info@nceseafoodinnovation.com;Bergen;Norway;Manufacturing
NCE Smart Energy;info@ncesmartenergy.com;Oslo;Norway;Industrial
NCE Clevr;info@nceclevr.com;Oslo;Norway;Engineering
Norwegian Smart Care Cluster;info@norwegiansmartcarecluster.com;Oslo;Norway;Pharma
Norwegian Catapult;info@norwegiancatapult.com;Oslo;Norway;Industrial
Future Materials;info@futurematerials.com;Oslo;Norway;Manufacturing
Ocean Hyway Cluster;info@oceanhywaycluster.com;Bergen;Norway;Industrial
Norwegian Offshore Wind;info@norwegianoffshorewind.com;Oslo;Norway;Industrial
Norwegian Hydrogen;info@hydro.com;Oslo;Norway;Industrial
Greenstat;info@greenstat.com;Haugesund;Norway;Industrial
Horisont Energi;info@horisontenergi.com;Oslo;Norway;Industrial
Northern Lights;info@northernlights.com;Oslo;Norway;Industrial
Longship;info@longship.com;Oslo;Norway;Industrial
Aker Carbon Capture;info@akerasa.com;Oslo;Norway;Industrial
Carbon Capture Norway;info@carboncapturenorway.com;Oslo;Norway;Industrial
Norsk Gjenvinning;info@norskgjenvinning.com;Oslo;Norway;Industrial
Ragn-Sells;info@ragnsells.com;Oslo;Norway;Industrial
Grønt Punkt Norge;info@grøntpunktnorge.com;Oslo;Norway;Industrial
Infinity Recycling;info@infinityrecycling.com;Oslo;Norway;Industrial
Tomra;info@tomra.com;Asker;Norway;Manufacturing
Tine;;Oslo;Norway;Manufacturing
